QR코드,제품명,카테고리,위치,세부위치,수량,적정재고,단위,메모
,아이스크림 바닐라 분말,매점 식재료,매점,매점,4,0,개,5개
,(뚜껑없음) 미니어항,체험 용품,수장고 A,A-15,468,0,개,78박스(6개)
,물감놀이 세트,체험 용품,수장고 A,A-3,10,0,개,1박스
,물풍선 만들기,체험 용품,수장고 A,A-9,400,0,개,1박스
,4구 사각케이스 뚜껑,체험 비품,수장고 A,A-10,100,0,개,1묶음
,세탁세제,생필품,수장고 A,A-4,4,0,개,4
,위생장갑,생필품,수장고 A,A-4,7,0,개,7
,크린팩,생필품,수장고 A,A-4,2,0,개,2
,포장용리본,사무용품,수장고 A,A-3,3,0,개,3묶음
,보드마카,사무용품,수장고 A,A-3,4,0,개,4개
,멀티탭,사무용품,수장고 A,A-4,3,0,개,
,칭찬스탬프,사무용품,수장고 A,A-4,6,0,개,6
,조명,박물관 용품,수장고 A,A-10,25,0,개,1박스
,선풍기 안전망,박물관 용품,수장고 A,A-10,5,0,개,5개
,조조 입장권 ,박물관 용품,수장고 A,A-4,420,0,개,6팻
,핫팩,박물관 용품,수장고 A,A-8,40,0,개,1박스
,포장용 빈박스,박물관 용품,수장고 A,A-8,43,0,개,43개
,프리미엄 핫초코,매점 식재료,수장고 A,A-10,6,0,개,"""1kg/6봉지, 27.12.22"""
,위생 소주컵,매점 비품,수장고 A,A-10,500,0,개,1박스
,비닐봉투,매점 비품,수장고 A,A-10,100,0,개,2박스
,일회용 스푼(검정大),매점 비품,수장고 A,A-10,200,0,개,2묶음
,사이즈 안맞는 음료컵,매점 비품,수장고 A,A-11,200,0,개,2박스
,일회용 포장그릇+뚜껑세트,매점 비품,수장고 A,A-12,200,0,개,6세트
,코르크마개+원형유리병 세트,매점 비품,수장고 A,A-14,36,0,개,36개
,연날리기,체험 용품,수장고 B,B-1,100,0,개,1박스
,미니뜨개모자,체험 용품,수장고 B,B-1,30,0,개,1박스
,실버+A4:A27마운틴워터 오일,체험 용품,수장고 B,B-2,1,0,개,1병
,로즈 힙 오일,체험 용품,수장고 B,B-2,1,0,개,1병
,작은 비닐 지퍼백,체험 용품,수장고 B,B-2,50,0,개,1박스
,투명접착봉투,체험 용품,수장고 B,B-3,100,0,개,1박스
,토끼 비즈,체험 용품,수장고 B,B-3,300,0,개,2봉지
,젤리캔들 예시품,체험 용품,수장고 B,B-6,10,0,개,1박스
,미니태극기,체험 용품,수장고 B,B-9,122,0,개,122장
,크리스마스 만들기 세트,체험 용품,수장고 B,B-9,300,0,개,1박스
,우드 모양 장식,체험 용품,수장고 B,B-9,30,0,개,30
,찰흙놀이용 플라스틱 칼,체험 비품,수장고 B,B-10,20,0,개,2봉지
,어린이용 플라스틱 망치,체험 비품,수장고 B,B-10,10,0,개,1박스
,미니 컵케이크유산지,체험 비품,수장고 B,B-9,500,0,개,9묶음
,크리스마스 장식,체험 비품,수장고 B,B-9,100,0,개,100
,코팅지,사무용품,수장고 B,B-1,50,0,개,1박스
,콘센트 커버 (방수단자함),사무용품,수장고 B,B-8,9,0,개,9개
,일회용식탁보,박물관 용품,수장고 B,B-1,50,0,개,1박스
,동파방지커버(L),박물관 용품,수장고 B,B-1,1,0,개,1개
,모기향,박물관 용품,수장고 B,B-1,50,0,개,50개-1통
,자루,박물관 용품,수장고 B,B-10,2,0,개,2개
,Neroill(네르오일),박물관 용품,수장고 B,B-2,1,0,개,1병
,원형 물걸레 청소보,박물관 용품,수장고 B,B-2,8,0,개,"""4봉지, 26.11.5"""
,LED원형전구,박물관 용품,수장고 B,B-2,3,0,개,3개
,코멧 분사기 방향제 ,박물관 용품,수장고 B,B-3,9,0,개,9개
,팝콘포장지,박물관 용품,수장고 B,B-5,20,0,개,1박스
,황색 락카,박물관 용품,수장고 B,B-5,8,0,개,8개
,CU종이쇼핑백,박물관 용품,수장고 B,B-6,40,0,개,1묶음
,대형케이블타이,박물관 용품,수장고 B,B-6,50,0,개,1봉
,캠핑세트,박물관 용품,수장고 B,B-6,1,0,개,1개
,원형 대야 포장용기 화이트 대형,박물관 용품,수장고 B,B-7,30,0,개,반봉지
,원형화분 (화이트),박물관 용품,수장고 B,B-7,4,0,개,4개
,LED램프,박물관 용품,수장고 B,B-7,8,0,개,8개
,무전기 박스,박물관 용품,수장고 B,B-8,15,0,개,15개
,화이트식탁보,박물관 용품,수장고 B,B-9,1,0,개,1개
,뜨개티슈케이스,박물관 용품,수장고 B,B-9,1,0,개,1개
,뽀로로 보리차,매점 완제품,수장고 B,B-11,24,0,개,"""24개, 27.2.19"""
,뽀로로 딸기맛,매점 완제품,수장고 B,B-11,24,0,개,"""24개, 27.2.12"""
,뽀로로 딸기맛,매점 완제품,수장고 B,B-11,24,0,개,"""24개, 26.11.13"""
,뽀로로 블루베리맛,매점 완제품,수장고 B,B-11,24,0,개,"""24개, 27.2.11"""
,뽀로로 샤인머스캣맛,매점 완제품,수장고 B,B-11,24,0,개,"""24개, 27.2.10"""
,왕꿈틀이,매점 완제품,수장고 B,B-6,70,0,개,"""70개, 27.1.22"""
,통후추,매점 식재료,수장고 B,B-6,1,0,개,"""1개, 27.5.6"""
,이소말트,매점 식재료,수장고 B,B-9,1,0,개,1봉지
,일회용기 (검정) 뚜껑 없음,매점 비품,수장고 B,B-7,20,0,개,쓰던 것 반봉지
,일회용기 (하양) 뚜껑 없음,매점 비품,수장고 B,B-7,50,0,개,새것 1봉지 / 쓰던 것 16개
,눈썰매포스터,홍보용,수장고 C,C-7,30,0,개,1박스
,미니화분,체험 용품,수장고 C,C-17,45,0,개,2박스
,원형 캔들잔 (大),체험 용품,수장고 C,C-17,14,0,개,14
,공룡장식,체험 용품,수장고 C,C18,22,0,개,22세트
,해달별 스티커,체험 용품,수장고 C,C-2,100,0,개,1박스
,탈 것 스티커,체험 용품,수장고 C,C-2,100,0,개,1박스
,집 스티커,체험 용품,수장고 C,C-2,100,0,개,2박스
,모스이끼,체험 용품,수장고 C,"""C-2, C-3""",160,0,개,16박스
,젤왁스 ,체험 용품,수장고 C,C-20,7,0,개,7통
,퍼니콘(옥수수 분말 체험용 재료),체험 용품,수장고 C,C-20,1,0,개,1박스
,고치 목걸이 만들기 세트,체험 용품,수장고 C,C-20,200,0,개,1봉지
,애니멀 옷핀 ,체험 용품,수장고 C,C-24,300,0,개,6박스
,색모래어항 만들기 예시품,체험 용품,수장고 C,C-27,10,0,개,2박스
,다육이키트재료,체험 용품,수장고 C,C-4,50,0,개,1박스
,태극기 바람개비 만들기,체험 용품,수장고 C,C-5,30,0,개,30
,버섯모형,체험 용품,수장고 C,C-5,30,0,개,30
,스티로폼 정육면체(미니화분만들기),체험 용품,수장고 C,C-6,50,0,개,50
,원형캔들잔 소형,체험 용품,수장고 C,C-8,20,0,개,1박스
,"""뜨개실 (빨강, 파랑, 초록)""",체험 용품,수장고 C,C-9,3,0,개,각 1롤 (총 3롤)
,미니무드등 ,체험 비품,수장고 C,C-30,40,0,개,1박스
,분리수거함 쓰봉 (검정),생필품,수장고 C,C-20,400,0,개,100매/ 4박스
,에어컨필터,생필품,수장고 C,C-25,10,0,개,1박스
,신발 위생커버 ,생필품,수장고 C,C-29,50,0,개,1봉지
,아동용 면장갑,생필품,수장고 C,C-29,30,0,개,1봉지
,일회용 아동우의,생필품,수장고 C,C-29,6,0,개,6개
,색연필 & 사인펜,사무용품,수장고 C,C-10,22,0,개,22다스
,투명 아크릴 ,사무용품,수장고 C,C-12,20,0,개,1박스
,캔디머신 캡슐 (소),사무용품,수장고 C,C-14,2,0,개,2봉지
,캔디머신,사무용품,수장고 C,C-14,4,0,개,4개
,확성기,사무용품,수장고 C,C-16,1,0,개,1개
,강력순간접착제,사무용품,수장고 C,C-20,5,0,개,5개
,미니고깔 확성기,사무용품,수장고 C,C-20,2,0,개,2개
,납작한 붓,사무용품,수장고 C,C-27,18,0,개,18개
,미니편지봉투,사무용품,수장고 C,C-34,30,0,개,1박스
,a4코팅지,사무용품,수장고 C,C-35,2,0,개,2묶음
,b4코팅지,사무용품,수장고 C,C-35,2,0,개,2묶음
,대형 코팅지 ,사무용품,수장고 C,C-35,1,0,개,1롤
,미니어처 과일 모형,박물관 용품,수장고 C,C-10,300,0,개,1봉지
,미니 전구 나무 오브제,박물관 용품,수장고 C,C-29,1,0,개,1개
,전구,박물관 용품,수장고 C,C-31,30,0,개,
,벌레트랩,박물관 용품,수장고 C,C-4,10,0,개,10
,유아 튜브,박물관 용품,수장고 C,C-5,1,0,개,1
,솜사탕 완제품 도라에몽,매점 완제품,수장고 C,C-1,50,0,개,
,카페시럽,매점 식재료,수장고 C,C-16,3,0,개,3
,빙수제리,매점 식재료,수장고 C,C-22,6,0,개,"""6봉지, 27.5.26"""
,미숫가루,매점 식재료,수장고 C,C-22,5,0,개,"""5봉지, 26.9.27"""
,연우,매점 식재료,수장고 C,C-22,5,0,개,"""1.2kg/5통, 26.6.1"""
,Ligo 초코시럽,매점 식재료,수장고 C,C-28,2,0,개,"""2개, 27.2.11"""
,통단팥,매점 식재료,수장고 C,C-28,3,0,개,"""3kg/3캔, 28.4.2"""
,멸치칼국수,매점 식재료,수장고 C,C-29,3,0,개,"""3봉지, 26.5.13"""
,김장매트,매점 비품,수장고 C,C-3,1,0,개,1개
,일회용기불투명 뚜껑 + 몸통 ,매점 비품,수장고 C,C-9,7,0,개,7세트
,전기매트,박물관 용품,"""수장고 D(바닥, 선반 위 정리안된 물건)""",D,1,0,개,1개
,가이드북,박물관 용품,"""수장고 D(바닥, 선반 위 정리안된 물건)""",D,500,0,개,1박스
,"""오후권 스티커 14:00~17:00 (노랑,보라)""",박물관 용품,"""수장고 D(바닥, 선반 위 정리안된 물건)""",D,500,0,개,1박스
